{
  "vertical": "ruby-rails",
  "models": {
    "claude-opus-4-8": {
      "chatwoot": {
        "baseline_overall": 0.44120000000000004,
        "sense_overall": 0.8824,
        "overall_delta": 0.4411999999999999,
        "deps_delta": 0.6363636363636365,
        "baseline_metrics": {
          "wall_time_seconds": 293.8,
          "token_total_billed": 25690.0,
          "token_cache_read": 681242.5,
          "token_output": 23350.5
        },
        "sense_metrics": {
          "wall_time_seconds": 197.8,
          "token_total_billed": 19918.5,
          "token_cache_read": 459087.5,
          "token_output": 17226.5
        }
      },
      "discourse": {
        "baseline_overall": 0.43053333333333327,
        "sense_overall": 0.8472333333333334,
        "overall_delta": 0.4167000000000001,
        "deps_delta": 0.6041666666666667,
        "baseline_metrics": {
          "wall_time_seconds": 340.26666666666665,
          "token_total_billed": 25751.666666666668,
          "token_cache_read": 1006217.0,
          "token_output": 24051.0
        },
        "sense_metrics": {
          "wall_time_seconds": 299.06666666666666,
          "token_total_billed": 28458.333333333332,
          "token_cache_read": 719850.0,
          "token_output": 25893.333333333332
        }
      },
      "forem": {
        "baseline_overall": 0.28845,
        "sense_overall": 0.5577,
        "overall_delta": 0.26925,
        "deps_delta": 0.375,
        "baseline_metrics": {
          "wall_time_seconds": 331.45,
          "token_total_billed": 28641.5,
          "token_cache_read": 1247674.5,
          "token_output": 26220.5
        },
        "sense_metrics": {
          "wall_time_seconds": 323.3,
          "token_total_billed": 28270.5,
          "token_cache_read": 1192546.5,
          "token_output": 25152.5
        }
      },
      "gitlabhq": {
        "baseline_overall": 0.2319,
        "sense_overall": 0.7101333333333333,
        "overall_delta": 0.4782333333333333,
        "deps_delta": 0.625,
        "baseline_metrics": {
          "wall_time_seconds": 323.06666666666666,
          "token_total_billed": 28366.0,
          "token_cache_read": 658916.3333333334,
          "token_output": 25318.0
        },
        "sense_metrics": {
          "wall_time_seconds": 314.1333333333333,
          "token_total_billed": 29274.0,
          "token_cache_read": 671878.6666666666,
          "token_output": 25599.333333333332
        }
      },
      "langchainrb": {
        "baseline_overall": 0.24135,
        "sense_overall": 0.3276,
        "overall_delta": 0.08625,
        "deps_delta": null,
        "baseline_metrics": {
          "wall_time_seconds": 200.7,
          "token_total_billed": 18906.0,
          "token_cache_read": 594101.5,
          "token_output": 16505.0
        },
        "sense_metrics": {
          "wall_time_seconds": 182.55,
          "token_total_billed": 17535.5,
          "token_cache_read": 567341.0,
          "token_output": 14707.5
        }
      },
      "llm.rb": {
        "baseline_overall": 0.2593,
        "sense_overall": 0.35185,
        "overall_delta": 0.09255000000000002,
        "deps_delta": null,
        "baseline_metrics": {
          "wall_time_seconds": 212.6,
          "token_total_billed": 18082.0,
          "token_cache_read": 949343.0,
          "token_output": 15674.0
        },
        "sense_metrics": {
          "wall_time_seconds": 196.6,
          "token_total_billed": 16906.0,
          "token_cache_read": 913604.0,
          "token_output": 14066.0
        }
      },
      "lobsters": {
        "baseline_overall": 1.0,
        "sense_overall": 1.0,
        "overall_delta": 0.0,
        "deps_delta": null,
        "baseline_metrics": {
          "wall_time_seconds": 66.0,
          "token_total_billed": 6116.0,
          "token_cache_read": 173113.33333333334,
          "token_output": 4648.333333333333
        },
        "sense_metrics": {
          "wall_time_seconds": 87.36666666666667,
          "token_total_billed": 7573.333333333333,
          "token_cache_read": 240729.33333333334,
          "token_output": 5817.666666666667
        }
      },
      "mastodon": {
        "baseline_overall": 0.28983333333333333,
        "sense_overall": 0.8116,
        "overall_delta": 0.5217666666666667,
        "deps_delta": 0.7083333333333334,
        "baseline_metrics": {
          "wall_time_seconds": 280.26666666666665,
          "token_total_billed": 23818.333333333332,
          "token_cache_read": 887975.0,
          "token_output": 22778.666666666668
        },
        "sense_metrics": {
          "wall_time_seconds": 278.1333333333334,
          "token_total_billed": 26389.666666666668,
          "token_cache_read": 575394.3333333334,
          "token_output": 24415.0
        }
      },
      "rails": {
        "baseline_overall": 0.7592666666666666,
        "sense_overall": 0.9444333333333333,
        "overall_delta": 0.1851666666666667,
        "deps_delta": 0.5555555555555556,
        "baseline_metrics": {
          "wall_time_seconds": 241.33333333333334,
          "token_total_billed": 20384.333333333332,
          "token_cache_read": 833058.6666666666,
          "token_output": 17965.0
        },
        "sense_metrics": {
          "wall_time_seconds": 175.9333333333333,
          "token_total_billed": 17395.666666666668,
          "token_cache_read": 412175.0,
          "token_output": 14456.666666666666
        }
      },
      "raix": {
        "baseline_overall": 0.7,
        "sense_overall": 0.7,
        "overall_delta": 0.0,
        "deps_delta": null,
        "baseline_metrics": {
          "wall_time_seconds": 149.05,
          "token_total_billed": 13474.0,
          "token_cache_read": 392512.5,
          "token_output": 11272.5
        },
        "sense_metrics": {
          "wall_time_seconds": 128.95,
          "token_total_billed": 12884.0,
          "token_cache_read": 265993.5,
          "token_output": 10260.5
        }
      },
      "redmine": {
        "baseline_overall": 0.6666666666666666,
        "sense_overall": 0.7963,
        "overall_delta": 0.12963333333333338,
        "deps_delta": 0.12820512820512808,
        "baseline_metrics": {
          "wall_time_seconds": 258.8,
          "token_total_billed": 23734.666666666668,
          "token_cache_read": 522153.6666666667,
          "token_output": 21418.0
        },
        "sense_metrics": {
          "wall_time_seconds": 213.5,
          "token_total_billed": 21724.0,
          "token_cache_read": 433754.3333333333,
          "token_output": 19077.0
        }
      },
      "ruby_llm": {
        "baseline_overall": 0.6087,
        "sense_overall": 0.8261,
        "overall_delta": 0.21739999999999993,
        "deps_delta": null,
        "baseline_metrics": {
          "wall_time_seconds": 217.39999999999998,
          "token_total_billed": 18856.0,
          "token_cache_read": 1040265.0,
          "token_output": 16448.0
        },
        "sense_metrics": {
          "wall_time_seconds": 240.10000000000002,
          "token_total_billed": 21777.0,
          "token_cache_read": 737614.0,
          "token_output": 18816.5
        }
      },
      "solidus": {
        "baseline_overall": 0.3833333333333333,
        "sense_overall": 0.7666666666666666,
        "overall_delta": 0.3833333333333333,
        "deps_delta": 0.523809523809524,
        "baseline_metrics": {
          "wall_time_seconds": 367.0333333333333,
          "token_total_billed": 28793.666666666668,
          "token_cache_read": 1682654.6666666667,
          "token_output": 26271.0
        },
        "sense_metrics": {
          "wall_time_seconds": 298.8666666666667,
          "token_total_billed": 27519.666666666668,
          "token_cache_read": 1016836.3333333334,
          "token_output": 24572.0
        }
      }
    },
    "gpt-5.5": {
      "chatwoot": {
        "baseline_overall": 0.4706,
        "sense_overall": 0.7647,